Date,Actual_Close,Pred_LR,Pred_RF,Pred_XGB
2018-02-28,1411.2329,1416.0795,1404.6274,1390.666
2018-03-01,1412.4652,1411.9413,1405.4028,1384.5013
2018-03-05,1444.1534,1435.2684,1426.1326,1418.8821
2018-03-06,1414.8363,1422.7043,1432.1176,1411.7661
2018-03-07,1407.699,1417.2874,1415.7129,1416.99
2018-03-08,1396.7719,1398.1573,1405.0061,1384.0513
2018-03-09,1410.791,1408.6898,1405.8805,1382.1157
2018-03-12,1419.184,1426.5073,1416.1056,1417.1343
2018-03-13,1342.2996,1340.8135,1362.3692,1363.1558
2018-03-14,1342.3462,1349.7676,1355.1935,1363.7224
2018-03-15,1334.3486,1335.6377,1356.8592,1356.9965
2018-03-16,1313.8896,1313.7034,1346.3192,1351.6189
2018-03-19,1316.354,1319.0573,1340.1915,1311.1274
2018-03-20,1332.0938,1329.8184,1341.6987,1352.6582
2018-03-21,1328.327,1332.5502,1348.4759,1357.7778
2018-03-22,1316.517,1323.4279,1348.5216,1356.2693
2018-03-23,1310.379,1312.5191,1325.3651,1281.7366
2018-03-26,1309.8444,1301.4632,1320.6575,1310.4547
2018-03-27,1324.1191,1326.8967,1337.2093,1357.4673
2018-03-28,1324.7933,1328.7473,1343.2409,1346.2653
2018-04-02,1352.9246,1347.2264,1350.0525,1367.4392
2018-04-03,1353.6685,1357.7572,1358.4814,1359.7494
2018-04-04,1353.5056,1351.5323,1359.4331,1362.8832
2018-04-05,1375.3831,1372.2756,1364.636,1365.6798
2018-04-06,1371.826,1365.9892,1367.1716,1355.8938
2018-04-09,1359.5505,1366.3808,1366.1547,1359.2603
2018-04-10,1365.9207,1371.0472,1364.4315,1357.3849
2018-04-11,1401.5148,1396.9378,1371.6417,1360.2671
2018-04-12,1459.6835,1448.9124,1429.202,1440.9274
2018-04-13,1466.2167,1490.6581,1461.4627,1439.0875
2018-04-16,1482.1885,1474.9145,1455.9478,1401.4528
2018-04-17,1472.4009,1469.3903,1453.0767,1424.9248
2018-04-18,1468.9136,1473.2418,1452.1105,1418.1576
2018-04-19,1483.8158,1485.6114,1456.2565,1418.5406
2018-04-20,1582.0658,1569.6122,1458.6779,1440.6526
2018-04-23,1584.9489,1626.9005,1458.6235,1438.2626
2018-04-24,1574.2543,1572.1098,1456.3607,1433.5527
2018-04-25,1613.5916,1599.7399,1458.4368,1433.5258
2018-04-26,1645.6749,1642.0269,1456.5388,1409.4614
2018-04-27,1605.0823,1607.3714,1458.5061,1440.1173
2018-04-30,1642.3503,1631.893,1458.3585,1433.7548
2018-05-02,1627.3082,1618.6207,1456.2658,1426.7009
2018-05-03,1618.9852,1621.2462,1456.1965,1434.9598
2018-05-04,1618.4738,1614.6801,1455.812,1416.4874
2018-05-07,1590.6678,1593.3239,1456.3804,1422.4524
2018-05-08,1600.0837,1600.5895,1455.7427,1403.6156
2018-05-09,1622.4495,1616.2846,1455.6783,1419.9796
2018-05-10,1604.7568,1608.5024,1456.0245,1427.503
2018-05-11,1607.4073,1610.8222,1455.646,1420.8658
2018-05-14,1596.5267,1594.6737,1456.0417,1416.2327
2018-05-15,1619.2412,1613.5243,1454.3652,1417.3097
2018-05-16,1624.5881,1624.606,1455.0726,1419.3524
2018-05-17,1623.6116,1626.8347,1456.0005,1434.5208
2018-05-18,1628.3776,1622.0835,1455.0768,1423.8157
2018-05-21,1653.8121,1658.834,1456.3804,1425.868
2018-05-22,1631.5629,1637.3846,1454.1745,1416.8158
2018-05-23,1625.1464,1630.356,1454.9371,1424.1904
2018-05-24,1675.6429,1666.5735,1457.8065,1438.5287
2018-05-25,1667.3197,1685.152,1457.4583,1438.4619
2018-05-28,1628.3776,1637.661,1458.3989,1436.7313
2018-05-29,1638.3518,1631.5545,1455.7139,1425.91
2018-05-30,1633.9808,1629.5209,1456.4618,1426.3801
2018-05-31,1632.5742,1637.1308,1456.1823,1420.6268
2018-06-01,1624.51,1621.6355,1455.3052,1421.4005
2018-06-04,1635.5747,1616.993,1455.0262,1424.0251
2018-06-05,1614.3361,1618.0963,1455.2796,1413.848
2018-06-06,1618.2274,1618.0421,1455.8078,1416.4044
2018-06-07,1627.4169,1633.183,1455.6285,1422.0675
2018-06-08,1638.2474,1642.0809,1455.7978,1420.9319
2018-06-11,1640.6851,1645.8265,1455.8857,1411.4011
2018-06-12,1670.0352,1664.4283,1455.6502,1411.6799
2018-06-13,1710.4497,1702.6289,1456.455,1417.4949
2018-06-14,1676.1769,1685.8407,1456.735,1428.6772
2018-06-15,1725.4061,1713.8721,1458.5061,1431.1124
2018-06-18,1715.0443,1720.5231,1456.8415,1403.3832
2018-06-19,1710.8248,1717.6166,1455.7139,1422.9016
2018-06-20,1708.9025,1710.203,1456.2658,1425.5557
2018-06-21,1705.9958,1706.4926,1456.0005,1429.7648
2018-06-22,1697.0408,1693.2811,1456.2335,1436.156
2018-06-25,1705.9019,1700.632,1455.8857,1411.1841
2018-06-26,1736.6115,1734.1411,1455.5876,1408.232
2018-06-27,1742.2378,1755.0352,1456.5894,1423.9845
2018-06-28,1727.8909,1725.8176,1456.5388,1410.707
2018-06-29,1732.6261,1742.7978,1456.389,1431.0076
2018-07-02,1736.0021,1731.5652,1455.7562,1412.063
2018-07-03,1757.2878,1754.9723,1455.7139,1422.9036
2018-07-04,1749.8799,1745.6544,1455.6783,1427.5243
2018-07-05,1763.1482,1757.8581,1455.6985,1422.775
2018-07-06,1793.764,1790.7435,1456.2612,1430.816
2018-07-09,1765.6799,1770.995,1457.1955,1417.4469
2018-07-10,1758.2722,1760.6401,1455.8222,1412.2944
2018-07-11,1856.5427,1848.6354,1458.5226,1427.2607
2018-07-12,1848.5255,1847.1687,1456.3544,1421.2241
2018-07-13,1857.6681,1865.433,1456.7001,1434.3961
2018-07-16,1865.2633,1859.4154,1455.8715,1411.734
2018-07-17,1881.1892,1875.3525,1455.7139,1425.0162
2018-07-18,1879.4041,1877.7765,1455.0726,1416.925
2018-07-19,1861.6931,1862.9848,1454.8306,1418.5178
2018-07-20,1875.9746,1872.6092,1455.0768,1418.46
2018-07-23,1884.4779,1873.7894,1455.8857,1419.3187
2018-07-24,1878.2297,1870.2073,1454.3726,1416.5345
2018-07-25,1861.7867,1856.069,1454.9371,1424.6387
2018-07-26,1846.0017,1846.8282,1456.1561,1433.9409
2018-07-27,1826.3174,1828.9059,1455.0843,1423.1146
2018-07-30,1827.1162,1824.2127,1455.1505,1419.7094
2018-07-31,1822.9818,1816.688,1455.1003,1408.6692
2018-08-01,1857.0886,1853.8575,1455.7583,1417.9357
2018-08-02,1830.6866,1839.1729,1454.6167,1422.1536
2018-08-03,1859.8607,1855.8529,1455.0768,1422.3444
2018-08-06,1856.1963,1860.3503,1455.1505,1419.6876
2018-08-07,1848.4918,1845.8748,1454.3652,1406.196
2018-08-08,1854.7399,1849.2717,1455.0726,1408.0282
2018-08-09,1855.0687,1850.1301,1455.5425,1415.149
2018-08-10,1872.686,1865.4587,1455.4944,1432.5314
2018-08-13,1879.3099,1874.8631,1456.5892,1419.9036
2018-08-14,1882.5049,1887.1153,1455.8982,1420.7925
2018-08-16,1887.1554,1888.5315,1455.5425,1420.3341
2018-08-17,1891.1488,1890.04,1455.0768,1409.7202
2018-08-20,1888.5179,1886.8188,1455.1505,1415.4525
2018-08-21,1895.7528,1892.8971,1454.3652,1414.7577
2018-08-23,1912.1486,1908.444,1456.0005,1429.8356
2018-08-24,1919.5712,1915.4674,1455.0768,1418.084
2018-08-27,1926.9939,1923.904,1455.1505,1416.6808
2018-08-28,1944.1885,1939.3522,1454.3652,1411.1799
2018-08-29,1946.8191,1930.3778,1454.9371,1424.0951
2018-08-30,1956.5911,1951.3151,1455.5425,1417.3585
2018-08-31,1952.8323,1955.6325,1455.968,1418.4536
2018-09-03,1928.873,1936.3674,1455.3789,1418.6326
2018-09-04,1972.094,1964.5342,1456.3607,1414.3794
2018-09-05,1953.6311,1959.3582,1454.9371,1422.8562
2018-09-06,1949.92,1941.8746,1455.5425,1419.5233
2018-09-07,1954.1951,1945.6454,1455.0768,1408.7288
2018-09-10,1955.0406,1956.0136,1455.1505,1413.4396
2018-09-11,1922.6251,1929.8328,1455.8687,1419.205
2018-09-12,1920.464,1930.5084,1455.8078,1418.7682
2018-09-14,1940.6179,1921.8572,1458.2355,1424.5872
2018-09-17,1948.8389,1938.5416,1455.1505,1410.5493
2018-09-18,1945.6449,1939.6726,1454.3652,1412.9087
2018-09-19,1952.3625,1954.0876,1455.0726,1409.0911
2018-09-21,1976.0876,1964.4899,1458.5919,1430.9601
2018-09-24,2065.6296,2045.463,1458.1381,1427.8302
2018-09-25,2051.3008,2040.7643,1457.368,1421.6744
2018-09-26,2012.7307,2027.0783,1456.9263,1422.5
2018-09-27,2056.6091,2056.1805,1458.0478,1432.1469
2018-09-28,2051.7708,2039.1664,1456.0614,1433.9415
2018-10-01,2119.2803,2118.5546,1458.3836,1426.7998
2018-10-03,2032.1809,2051.818,1458.3573,1427.4064
2018-10-04,1940.0546,1957.2061,1458.2462,1431.2225
2018-10-05,1975.6172,1956.0705,1458.2808,1431.1847
2018-10-08,1952.0341,1951.9295,1457.1016,1420.4323
2018-10-09,1965.4229,1955.188,1456.2188,1415.1697
2018-10-10,1920.1349,1929.4478,1457.6903,1429.6818
2018-10-11,1860.3304,1852.7081,1458.2462,1430.9209
2018-10-12,1802.405,1808.2935,1458.5919,1431.3704
2018-10-15,1831.7201,1821.9378,1455.5841,1413.906
2018-10-16,1843.7468,1835.0955,1455.39,1419.0293
2018-10-17,1812.8344,1832.6038,1457.5387,1431.4801
2018-10-19,1797.6134,1774.044,1458.195,1428.3057
2018-10-22,1788.0294,1782.5522,1455.1505,1416.6013
2018-10-23,1735.9143,1751.6026,1456.6327,1425.1888
2018-10-24,1740.4805,1734.5288,1457.4917,1429.5992
2018-10-25,1744.7178,1749.0222,1457.5485,1415.8386
2018-10-26,1693.9673,1705.3802,1457.6619,1421.3889
2018-10-29,1761.6656,1740.3272,1457.667,1415.3374
2018-10-30,1784.0748,1775.7602,1456.954,1414.3385
2018-10-31,1824.8916,1806.5648,1457.4413,1431.4401
2018-11-01,1822.6318,1803.3052,1455.4495,1429.1322
2018-11-02,1801.635,1817.2947,1455.6592,1414.981
2018-11-05,1780.3558,1794.4841,1455.3789,1416.7036
2018-11-06,1819.76,1813.7299,1454.5235,1414.6484
2018-11-07,1828.6578,1831.1632,1455.0726,1411.089
2018-11-09,1797.6332,1810.4555,1457.8179,1419.1844
2018-11-12,1802.9532,1824.1101,1455.9173,1414.8168
2018-11-13,1821.8788,1812.1535,1454.2296,1416.5901
2018-11-14,1770.7518,1778.3349,1457.7475,1418.5574
2018-11-15,1763.4075,1775.091,1455.0357,1415.217
2018-11-16,1776.354,1774.1349,1455.0768,1420.2477
2018-11-19,1791.2781,1770.824,1455.3789,1412.1503
2018-11-20,1768.4919,1771.2329,1454.3652,1410.4026
2018-11-21,1706.1134,1712.4425,1458.3573,1429.3707
2018-11-22,1706.6311,1727.2103,1455.8322,1431.0753
2018-11-26,1738.2206,1719.921,1458.5642,1426.5001
2018-11-27,1779.7908,1765.431,1457.5236,1427.9946
2018-11-28,1867.9681,1847.5023,1458.5226,1427.7985
2018-11-29,1845.9828,1843.3493,1458.0025,1426.7216
2018-11-30,1853.2328,1864.1289,1456.5281,1423.331
2018-12-03,1866.5559,1860.7453,1455.1505,1413.562
2018-12-04,1893.3435,1883.7891,1456.2523,1421.2957
2018-12-05,1889.483,1880.7426,1455.8282,1417.6727
2018-12-06,1876.2542,1879.8963,1455.4181,1420.2369
2018-12-07,1878.6079,1871.9882,1455.0768,1421.8956
2018-12-10,1860.3418,1872.6047,1457.0042,1414.54
2018-12-11,1883.1276,1875.6948,1456.0968,1420.5638
2018-12-12,1898.9456,1886.3564,1455.6834,1417.5476
2018-12-13,1866.7443,1874.9679,1458.0025,1428.6864
2018-12-14,1873.4762,1871.3883,1455.968,1420.6104
2018-12-17,1877.7606,1875.1789,1455.1505,1407.8561
2018-12-18,1871.6873,1870.0993,1454.3652,1413.3306
2018-12-19,1853.421,1849.8387,1455.9638,1413.7158
2018-12-20,1839.8625,1847.1839,1454.8074,1417.4425
2018-12-21,1785.0165,1792.8312,1458.2355,1431.8234
2018-12-24,1806.39,1817.2829,1455.015,1414.7804
2018-12-26,1778.8024,1774.0427,1457.8174,1415.7073
2018-12-27,1797.3979,1797.1078,1458.2462,1432.4037
2018-12-28,1785.2521,1791.396,1455.812,1420.0065
2018-12-31,1782.4271,1782.2653,1455.1505,1409.6508
2019-01-01,1791.6072,1787.8032,1454.8834,1414.925
2019-01-02,1810.9095,1811.662,1456.1905,1421.1409
2019-01-03,1788.924,1808.1436,1457.6747,1420.0356
2019-01-04,1767.1738,1750.3286,1458.958,1438.2933
2019-01-07,1786.9938,1786.9566,1455.7301,1431.8352
2019-01-08,1782.8982,1779.9929,1454.8834,1423.1294
2019-01-09,1776.6836,1777.9288,1458.2657,1429.9933
2019-01-10,1778.1902,1778.5409,1456.2804,1426.3348
2019-01-11,1734.8783,1739.7782,1456.9175,1417.4028
2019-01-14,1707.2904,1716.2848,1457.2869,1435.0736
2019-01-15,1758.6528,1746.6142,1458.0839,1451.2461
2019-01-16,1760.8655,1748.992,1456.326,1424.9772
2019-01-17,1787.427,1782.7263,1455.865,1415.4637
2019-01-18,1793.4189,1787.6696,1455.5951,1420.9163
2019-01-21,1801.0148,1812.0223,1456.3409,1428.834
2019-01-22,1794.5985,1795.4709,1455.7745,1428.2034
2019-01-23,1769.7822,1775.9324,1456.3465,1421.0469
2019-01-24,1794.2683,1786.6618,1455.3256,1414.5621
2019-01-25,1812.4321,1817.4456,1456.1946,1413.8284
2019-01-28,1844.7026,1839.6598,1455.9533,1437.8324
2019-01-29,1870.8868,1853.3049,1457.6282,1434.4141
2019-01-30,1869.6133,1856.6238,1456.3465,1420.4646
2019-01-31,1900.4683,1896.1036,1456.7687,1420.5337
2019-02-01,1915.4243,1904.6712,1456.0652,1436.583
2019-02-04,1934.5789,1926.9726,1455.015,1419.5079
2019-02-05,1929.2007,1920.4351,1454.3652,1409.7949
2019-02-06,1957.7438,1953.1352,1455.301,1402.7186
2019-02-07,1965.3865,1966.5934,1454.6718,1420.5098
2019-02-08,1945.0995,1949.1357,1454.9525,1426.4708
2019-02-11,1949.3458,1959.8261,1455.7329,1413.5983
2019-02-12,1935.8524,1915.6706,1457.04,1416.4415
2019-02-14,1929.2477,1934.4095,1455.0357,1418.5507
2019-02-15,1915.188,1907.6924,1455.3052,1419.3885
2019-02-18,1859.1394,1873.9016,1458.1381,1433.7771
2019-02-19,1797.3347,1805.6914,1457.7177,1433.069
2019-02-20,1806.7234,1797.404,1458.4368,1434.696
2019-02-21,1806.2045,1812.3174,1456.5388,1417.6213
2019-02-22,1817.0084,1809.5337,1455.812,1419.6445
2019-02-25,1873.1515,1864.2636,1458.1534,1426.8363
2019-02-26,1923.6803,1908.5693,1457.7177,1432.9452
2019-02-27,1941.9858,1937.6585,1458.4368,1434.1947
2019-02-28,1871.5475,1896.1982,1458.2462,1441.4326
2019-03-01,1882.8234,1879.2924,1456.7001,1427.4535
2019-03-05,1875.9353,1873.4018,1455.2563,1412.5945
2019-03-06,1886.7863,1891.7851,1455.6783,1417.3539
2019-03-07,1899.7135,1901.4859,1455.6985,1422.5065
2019-03-08,1908.5831,1905.8371,1455.0843,1416.6085
2019-03-11,1901.1289,1899.431,1456.3437,1424.4136
2019-03-12,1898.9114,1899.4737,1454.9708,1411.3999
2019-03-13,1887.6357,1877.3709,1454.9483,1418.737
2019-03-14,1875.2748,1876.9095,1454.8074,1419.7816
2019-03-15,1924.8596,1932.3899,1458.5919,1440.9727
2019-03-18,1908.6775,1921.1494,1457.7393,1424.3922
2019-03-19,1908.6775,1891.1048,1454.9648,1410.8181
2019-03-20,1901.3646,1906.2382,1456.4502,1412.151
2019-03-22,1892.4951,1879.5255,1456.0614,1430.2845
2019-03-25,1872.3024,1872.7021,1456.0417,1413.8035
2019-03-26,1870.7927,1861.4571,1454.9759,1415.217
2019-03-27,1856.8749,1861.7757,1455.6834,1416.9054
2019-03-28,1887.4469,1888.5591,1456.6731,1423.1908
2019-04-01,1917.0282,1916.6951,1455.7501,1418.4425
2019-04-02,1961.9897,1957.1008,1456.2928,1418.4274
2019-04-03,1961.9897,1951.2717,1456.0938,1428.1129
2019-04-04,1900.8457,1913.2188,1458.2462,1440.4926
2019-04-05,1932.7386,1925.8229,1456.0614,1428.7866
2019-04-08,1953.9222,1935.7889,1456.114,1415.6901
2019-04-09,1973.5016,1963.6259,1454.9539,1420.9648
2019-04-10,1925.1429,1933.547,1456.9598,1439.6963
2019-04-11,1905.5635,1914.6457,1456.3404,1427.5242
2019-04-12,1900.8457,1902.4702,1456.0614,1430.7058
2019-04-15,1994.0717,1971.9386,1458.4515,1438.5111
2019-04-16,2011.5281,2022.1498,1455.8015,1407.0928
2019-04-18,2028.748,2007.2881,1456.1354,1427.5242
2019-04-22,2039.5049,2043.3767,1455.1505,1419.0353
2019-04-23,2033.4659,2020.9857,1454.9648,1414.9414
2019-04-24,2060.2639,2059.8221,1456.0975,1421.5057
2019-04-25,2071.1621,2066.3588,1456.2988,1424.7229
2019-04-26,2112.2554,2099.8585,1457.4557,1433.1248
2019-04-30,2132.8254,2124.1116,1455.5455,1420.7026
2019-05-02,2090.4111,2098.0048,1456.2809,1422.9878
2019-05-03,2011.7167,2017.8042,1458.2355,1440.9183
2019-05-06,2036.1083,2026.636,1458.1534,1431.3893
2019-05-07,2030.5413,2039.2148,1455.3286,1397.7527
2019-05-08,2031.3903,2025.6911,1454.9483,1421.7448
2019-05-09,2049.9788,2044.1571,1456.1249,1422.3759
2019-05-10,2015.3022,2030.1978,1457.0354,1426.3862
2019-05-13,2008.6497,2028.1502,1455.3789,1405.7081
2019-05-14,1974.3035,1989.9685,1457.3085,1415.9596
2019-05-15,1977.1813,1989.0811,1455.6834,1415.6461
2019-05-16,1989.7782,1984.6038,1455.3898,1418.7728
2019-05-17,1977.2288,1993.9712,1455.3052,1405.4036
2019-05-20,2022.9922,1975.4058,1457.667,1416.8965
2019-05-21,1990.7214,1995.9678,1454.5935,1412.986
2019-05-22,1964.3018,1975.4977,1456.4125,1418.5764
2019-05-23,1938.1644,1960.6879,1457.6496,1424.8939
2019-05-24,1932.4557,1928.2343,1455.6876,1422.509
2019-05-27,1939.2021,1939.1453,1455.8857,1416.6692
2019-05-28,1956.7529,1961.1871,1457.6319,1432.3928
2019-05-29,1988.6461,1992.9316,1456.5357,1423.916
2019-05-30,2025.2098,2022.4942,1456.5388,1416.8619
2019-05-31,2072.625,2066.1792,1458.5061,1439.3315
2019-06-03,2115.7939,2100.007,1458.3989,1426.5337
2019-06-04,2076.6035,2080.7463,1455.6827,1409.3964
2019-06-06,2060.4326,2059.0882,1456.735,1428.6772
2019-06-07,2075.3196,2056.7759,1456.1882,1425.7495
2019-06-10,2122.6421,2109.6983,1457.7393,1415.0039
2019-06-11,2142.9033,2141.4323,1455.3863,1424.1884
2019-06-12,2150.6082,2131.1027,1456.3902,1418.462
2019-06-13,2144.1401,2152.3545,1456.3404,1428.6235
2019-06-14,2144.5205,2132.9728,1455.812,1422.2136
2019-06-17,2139.4792,2137.3684,1455.1505,1417.8907
2019-06-18,2141.0488,2134.2872,1454.3652,1416.5878
2019-06-19,2149.6567,2149.6994,1454.9371,1422.061
2019-06-20,2166.8267,2144.9782,1457.591,1421.2742
2019-06-21,2140.0977,2147.5059,1458.2355,1426.4755
2019-06-24,2164.4958,2158.2797,1455.1505,1423.3599
2019-06-25,2157.1716,2145.9677,1454.3652,1418.2808
2019-06-26,2144.2349,2142.4789,1455.0726,1418.3447
2019-06-27,2142.6655,2139.5899,1456.0005,1432.2614
2019-06-28,2118.5522,2123.7487,1455.6213,1422.1316
2019-07-01,2130.2998,2119.7533,1456.1468,1422.6395
2019-07-02,2142.2375,2123.1398,1454.5935,1412.8716
2019-07-03,2128.4922,2131.2871,1455.0726,1423.8201
2019-07-04,2133.2488,2133.4673,1454.8074,1415.8683
2019-07-05,2057.5796,2066.5653,1458.6135,1431.5143
2019-07-08,2069.2788,2060.4032,1457.418,1421.8168
2019-07-09,2029.2809,2020.3676,1457.6498,1425.1415
2019-07-10,2005.3572,2004.7912,1458.4368,1421.7205
2019-07-11,1999.9827,1997.3642,1455.7708,1420.018
2019-07-12,2004.7867,2006.4521,1455.0768,1425.7897
2019-07-15,2041.028,2025.4131,1458.1534,1421.1917
2019-07-16,2007.9437,2013.3157,1454.7988,1423.7136
2019-07-17,2018.6702,2011.9587,1454.9371,1419.2572
2019-07-18,1969.7585,1979.9359,1457.8065,1430.7374
2019-07-19,1980.2461,1986.3522,1454.9413,1420.6383
2019-07-22,2011.662,2005.1654,1455.7329,1414.6901
2019-07-23,2014.0933,2013.8818,1455.7543,1425.5522
2019-07-24,1999.1722,1997.0667,1456.0361,1403.524
2019-07-25,2028.8235,2019.7643,1455.9268,1423.9487
2019-07-26,2010.8518,2007.0263,1454.9413,1424.691
2019-07-29,2030.8264,2030.4209,1455.0262,1421.9464
2019-07-30,2077.6877,2064.9791,1457.4692,1426.4081
2019-07-31,2103.002,2082.651,1458.1766,1430.2759
2019-08-01,2078.5457,2086.3472,1457.3925,1415.4982
2019-08-02,2102.6199,2092.6708,1456.1963,1409.334
2019-08-05,2143.9045,2131.6513,1458.1534,1422.7653
2019-08-06,2111.7732,2125.6745,1455.7427,1420.3042
2019-08-07,2110.3906,2115.6394,1455.6722,1418.0831
2019-08-08,2152.9617,2155.9961,1457.3925,1422.0424
2019-08-09,2141.6638,2145.5721,1455.0768,1422.1436
2019-08-13,2097.0427,2104.5947,1456.2188,1418.609
2019-08-14,2101.7622,2094.4441,1456.9263,1416.351
2019-08-16,2064.292,2070.9044,1458.3213,1431.1395
2019-08-19,2062.2898,2066.3937,1455.1505,1411.545
2019-08-20,2084.9338,2090.1568,1454.2408,1417.2904
2019-08-21,2084.4094,2091.8589,1455.0726,1411.273
2019-08-22,2112.8225,2108.4462,1457.4936,1422.4419
2019-08-23,2143.0457,2142.722,1456.3479,1434.8845
2019-08-26,2170.3145,2151.5251,1457.7393,1414.1118
2019-08-27,2132.3674,2137.535,1455.8283,1419.1135
2019-08-28,2134.9895,2126.4499,1454.9483,1414.3295
2019-08-29,2129.4595,2134.8624,1454.8074,1424.855
2019-08-30,2154.3921,2137.9657,1456.3802,1425.0364
2019-09-03,2146.7644,2159.7577,1457.11,1416.1844
2019-09-04,2140.853,2139.977,1455.6834,1418.2465
2019-09-05,2112.1543,2120.5514,1455.3972,1418.812
2019-09-06,2095.1836,2108.2779,1455.3052,1418.477
2019-09-09,2081.2158,2084.221,1455.1505,1420.4552
2019-09-11,2053.7085,2062.9961,1456.2205,1416.5449
2019-09-12,2034.2585,2037.6833,1455.7708,1407.0978
2019-09-13,2042.2194,2038.8712,1456.0403,1422.659
2019-09-16,2049.8953,2046.9157,1456.4904,1414.8414
2019-09-17,2023.8185,2022.1097,1456.6327,1420.1401
2019-09-18,2038.9781,2030.4499,1455.0726,1422.174
2019-09-19,2004.0823,2005.9449,1455.0357,1407.6538
2019-09-20,1969.2816,1992.9692,1458.5919,1432.4497
2019-09-23,1921.9435,1919.8241,1458.4515,1425.8735
2019-09-24,1949.4979,1954.3598,1456.3607,1414.3187
2019-09-25,1991.2106,1986.7889,1456.2897,1422.957
2019-09-26,1990.4006,1983.9634,1456.6515,1410.0739
2019-09-27,1960.4147,1965.3622,1454.9487,1419.768
2019-09-30,2001.5553,1996.4894,1455.9443,1397.8397
2019-10-01,1964.0377,1960.2544,1457.5236,1422.8643
2019-10-03,1964.3237,1966.3443,1455.407,1420.1178
2019-10-04,1982.5344,1981.1767,1455.6764,1419.1361
2019-10-07,1952.358,1967.5326,1457.7393,1415.2815
2019-10-09,1926.0432,1934.6548,1456.0361,1403.9456
2019-10-10,1911.1218,1921.4074,1456.1849,1430.4839
2019-10-11,1894.3411,1881.1164,1458.5919,1430.8501
2019-10-14,1926.9014,1912.7463,1458.3585,1426.2743
2019-10-15,1942.4424,1942.6563,1455.1003,1410.8885
2019-10-16,1951.1187,1941.5696,1456.2451,1422.636
2019-10-17,1974.9922,1966.7478,1455.9619,1425.6674
2019-10-18,2000.665,1992.6463,1455.9989,1434.3116
2019-10-22,1994.8787,2019.5839,1457.7177,1424.3184
2019-10-23,2013.0636,2015.4108,1455.6722,1417.8165
2019-10-24,2024.6356,2021.6075,1455.0968,1428.4651
2019-10-25,2066.4019,2049.6913,1458.2355,1428.7614
2019-10-29,2134.3767,2121.97,1457.7177,1423.5547
2019-10-30,2190.7297,2156.2826,1458.5226,1427.9313
2019-10-31,2207.1155,2202.21,1456.8928,1420.7344
2019-11-01,2140.2595,2158.8721,1458.5919,1433.3092
2019-11-04,2133.5015,2141.8124,1456.2984,1409.7986
2019-11-05,2141.1833,2124.1951,1455.1589,1419.0388
2019-11-06,2128.2012,2129.1014,1455.8282,1416.888
2019-11-07,2125.1379,2120.6699,1454.8074,1418.3505
2019-11-08,2071.2642,2081.2265,1457.4052,1432.9349
2019-11-11,2043.0637,2046.3307,1456.8821,1422.0044
2019-11-13,2118.5742,2108.2859,1458.3726,1429.5934
2019-11-14,2136.2729,2106.4625,1457.8065,1430.2478
2019-11-15,2114.5383,2125.8528,1455.8341,1418.2996
2019-11-18,2093.2908,2102.6899,1455.1738,1420.1671
2019-11-19,2050.6975,2059.6514,1457.368,1420.5317
2019-11-20,2050.4543,2053.178,1456.4502,1423.1595
2019-11-21,2059.7412,2059.7823,1454.8148,1417.1111
2019-11-22,2014.6193,2018.8459,1456.9679,1431.866
2019-11-25,2024.1494,2008.5251,1455.5841,1424.106
2019-11-26,1990.2598,1999.9983,1457.6319,1422.8538
2019-11-27,1997.699,2006.0782,1456.2658,1426.2102
2019-11-28,2020.1138,2026.0496,1455.8285,1430.7153
2019-11-29,1996.6779,2000.4109,1455.8352,1418.3889
2019-12-02,1965.3651,1978.7424,1458.3989,1422.986
2019-12-03,1994.4897,1985.8918,1457.6319,1416.1006
2019-12-04,2021.2318,2013.0859,1456.253,1424.638
2019-12-05,2062.8528,2048.7779,1458.0025,1432.2563
2019-12-06,2065.0891,2052.0273,1455.0768,1420.8566
2019-12-09,2003.6792,2017.7557,1457.8367,1417.8589
2019-12-10,1957.3909,1964.2961,1457.6319,1420.1033
2019-12-11,1985.6405,1974.0805,1456.8115,1409.8942
2019-12-12,1965.2192,1973.4544,1458.2462,1432.1167
2019-12-13,2014.1819,1997.3961,1458.5919,1431.301
2019-12-16,2068.1526,2058.3108,1458.4668,1420.9034
2019-12-17,2105.3,2093.8716,1457.6319,1415.9987
2019-12-18,2108.0227,2120.9281,1458.4368,1419.4248
2019-12-19,2167.634,2153.4125,1458.2462,1431.8645
2019-12-20,2161.6531,2168.094,1456.5318,1422.1669
2019-12-23,2170.2107,2169.8269,1455.7501,1411.5529
2019-12-24,2154.5547,2158.8553,1454.2296,1413.2001
2019-12-26,2141.2808,2147.2619,1454.6718,1416.7344
2019-12-27,2137.9255,2136.5069,1457.4557,1430.1697
2019-12-30,2123.0476,2136.6267,1456.4681,1412.9967
2019-12-31,2102.1396,2110.3784,1454.3884,1410.9314
2020-01-01,2107.8777,2108.5455,1455.5909,1422.0292
2020-01-02,2098.2012,2096.991,1455.9252,1413.9233
2020-01-03,2140.0166,2147.6471,1458.958,1437.8818
2020-01-06,2139.8223,2146.2514,1456.6887,1436.855
2020-01-07,2145.073,2136.7822,1455.639,1426.5338
2020-01-08,2193.1118,2181.8735,1458.8888,1449.9097
2020-01-09,2153.3391,2159.7273,1456.8328,1422.1239
2020-01-10,2152.5613,2155.7546,1455.5951,1416.8046
2020-01-13,2130.0005,2132.4898,1456.685,1437.5388
2020-01-14,2146.094,2159.0176,1455.8382,1435.5807
2020-01-15,2165.5437,2150.901,1455.9656,1419.3544
2020-01-16,2177.1155,2171.8979,1456.2804,1425.4092
2020-01-17,2157.9583,2167.6613,1457.0253,1423.0669
2020-01-20,2110.5515,2140.7877,1458.9648,1453.8651
2020-01-21,2111.2322,2112.7978,1454.8834,1427.7031
2020-01-22,2146.094,2136.9044,1455.4665,1423.6929
2020-01-23,2135.4216,2140.6486,1455.9252,1412.9387
2020-01-24,2128.063,2119.4765,1455.5951,1405.431
2020-01-27,2114.272,2118.9792,1455.7301,1432.9288
2020-01-28,2128.4043,2113.3779,1454.759,1430.6948
2020-01-29,2099.9932,2105.8824,1456.2016,1422.0581
2020-01-30,2083.668,2084.2859,1456.289,1414.2324
2020-01-31,2026.3578,2041.8422,1458.7328,1437.0594
2020-02-03,2049.2136,2093.3325,1458.4515,1433.5302
2020-02-04,2054.3306,2052.6037,1457.5236,1436.4177
2020-02-05,2092.1477,2085.8773,1457.8174,1411.7067
2020-02-06,2074.408,2092.1436,1457.2227,1423.6112
2020-02-07,2082.4006,2080.2419,1455.6764,1422.3694
2020-02-10,2107.157,2091.115,1456.4681,1421.3429
2020-02-11,2098.8237,2105.6892,1454.3652,1409.808
2020-02-12,2115.7336,2120.6742,1454.9483,1420.5835
2020-02-13,2136.3962,2133.8541,1454.8074,1425.0874
2020-02-14,2128.8428,2137.801,1455.3052,1423.8542
2020-02-17,2147.4104,2151.0627,1455.1505,1418.3014
2020-02-18,2159.5935,2148.8373,1455.1208,1411.1678
2020-02-19,2140.6851,2151.3539,1455.0959,1414.8962
2020-02-20,2102.1375,2118.4489,1457.4936,1426.4502
2020-02-24,2061.738,2083.5263,1458.1381,1434.7173
2020-02-25,2101.5034,2104.4034,1456.8854,1424.164
2020-02-26,2069.7786,2077.2512,1457.4917,1432.6353
2020-02-27,2052.1375,2041.5857,1455.407,1422.1215
2020-02-28,1949.4575,1960.4884,1458.5919,1440.8201
2020-03-02,1950.5785,1965.717,1457.667,1427.1305
2020-03-03,1984.594,1994.8281,1455.3614,1429.0732
2020-03-04,2030.4027,2013.0355,1458.3168,1438.7667
2020-03-05,2071.1921,2079.1657,1458.1036,1439.9827
2020-03-06,2062.8101,2044.4804,1457.6477,1423.0156
2020-03-09,1922.3621,1927.8205,1458.4515,1436.7913
2020-03-11,1904.1847,1914.6994,1458.5226,1439.461
2020-03-12,1724.9944,1757.2201,1458.2462,1439.9294
2020-03-13,1760.5208,1619.9379,1458.5919,1441.1426
2020-03-16,1653.406,1722.4455,1458.4515,1437.1501
2020-03-17,1615.9794,1618.2202,1457.7177,1436.3799
2020-03-18,1612.4705,1633.3432,1458.5226,1438.8812
2020-03-19,1606.5308,1619.4072,1458.2462,1440.3544
2020-03-20,1764.6949,1787.6446,1458.5919,1440.76
2020-03-23,1639.2728,1683.4435,1458.4515,1437.1809
2020-03-24,1672.1133,1702.5525,1457.7177,1435.959
2020-03-25,1718.4043,1743.8092,1457.5387,1441.6945
2020-03-26,1758.3131,1730.494,1458.2462,1440.0156
2020-03-27,1791.2521,1765.7438,1458.5919,1440.3215
2020-03-30,1746.0902,1838.0692,1458.4515,1437.3217
2020-03-31,1792.8229,1782.3587,1457.6498,1436.3685
2020-04-01,1677.6115,1714.9841,1458.5226,1439.7334
2020-04-03,1624.0552,1648.9643,1458.5919,1440.6912
2020-04-07,1742.8503,1738.0469,1457.7177,1436.1287
2020-04-08,1674.3715,1722.529,1458.5226,1439.3438
2020-04-09,1733.9655,1730.1664,1456.8928,1434.1467
2020-04-13,1727.1909,1738.4829,1456.5281,1422.2216
2020-04-15,1703.5302,1735.5667,1458.5226,1439.6158
2020-04-16,1684.7784,1696.0603,1458.2462,1440.7734
2020-04-17,1773.2854,1779.3189,1458.5919,1440.9006
2020-04-20,1785.5087,1778.0107,1456.5488,1425.828
2020-04-21,1705.9847,1726.0684,1457.7177,1435.7343
2020-04-22,1737.2543,1732.9331,1458.3573,1438.3676
2020-04-23,1844.0225,1826.8426,1458.2462,1440.8655
2020-04-24,1785.4105,1789.1377,1456.4179,1434.0667
2020-04-27,1803.1315,1825.4596,1458.3585,1439.3938
2020-04-28,1825.1725,1810.0663,1454.8062,1421.9492
2020-04-29,1870.9231,1851.4885,1458.6507,1439.3835
2020-04-30,1977.7405,1959.1518,1458.2462,1440.8655
2020-05-04,1895.2712,1887.6387,1458.3989,1433.1326
2020-05-05,1897.5294,1914.9893,1457.368,1435.9493
2020-05-06,1868.9104,1880.3567,1458.231,1437.9266
2020-05-07,1857.1783,1872.8773,1457.8065,1438.5801
2020-05-08,1858.8964,1867.0404,1457.4557,1431.5027
2020-05-11,1900.0328,1904.6672,1456.27,1399.7568
2020-05-12,1913.974,1896.886,1456.2523,1419.2854
2020-05-13,1914.1215,1909.971,1457.6903,1421.1693
2020-05-14,1867.6832,1867.2501,1455.407,1424.8123
2020-05-15,1858.4055,1845.2539,1458.0395,1438.3914
2020-05-18,1910.145,1881.896,1458.3836,1436.7313
2020-05-19,1913.1396,1912.3133,1457.4692,1436.2753
2020-05-20,1917.9994,1909.0357,1455.3547,1428.1501
2020-05-21,1954.9143,1944.4147,1457.9621,1437.6663
2020-05-22,1983.5331,1969.2077,1458.3213,1440.9183
2020-05-26,1907.5925,1920.0672,1457.7177,1435.0558
2020-05-27,1968.7574,1948.7761,1458.3168,1437.9266
2020-05-28,1967.7755,1956.3197,1456.3404,1414.1052
2020-05-29,1936.4077,1944.2097,1456.8845,1424.615
2020-06-01,2007.9794,2000.0381,1458.3836,1426.5337
2020-06-02,2009.8446,2022.6197,1455.4846,1412.6688
2020-06-03,2014.7681,2005.1732,1456.6462,1408.4078
2020-06-04,2059.4714,2053.7299,1458.2948,1423.8335
2020-06-05,2016.8356,2025.9224,1458.2355,1431.0868
2020-06-08,2039.9753,2046.6445,1456.1716,1426.0298
2020-06-09,2040.2704,2050.9059,1455.39,1420.9999
2020-06-10,2076.4077,2082.4958,1458.4368,1428.0911
2020-06-11,2035.938,2041.5605,1455.7708,1407.4379
2020-06-12,2008.2198,2003.7144,1455.9989,1434.7668
2020-06-15,1998.7672,1994.0581,1457.7393,1416.1611
2020-06-16,2014.4233,2015.9345,1455.3286,1399.8816
2020-06-17,2016.3926,2008.4678,1455.5062,1430.3892
2020-06-18,2006.8413,2008.3348,1454.6718,1421.9288
2020-06-19,2013.2417,2039.0482,1458.5061,1431.5665
2020-06-22,1996.847,1996.9718,1456.1716,1426.9193
2020-06-23,2004.0844,1995.1606,1455.7629,1419.5829
2020-06-24,2010.8784,2022.5321,1455.8282,1419.5869
2020-06-25,1985.1787,2003.1276,1457.8065,1429.6991
2020-06-26,2086.353,2072.466,1458.5919,1431.6964
2020-06-29,2069.4167,2076.4045,1456.1754,1426.7937
2020-06-30,2050.2158,2057.4374,1455.39,1424.9778
2020-07-01,2059.9641,2072.0071,1455.8282,1418.3271
2020-07-02,2124.0652,2114.3268,1458.0883,1430.8949
2020-07-03,2165.9133,2157.9507,1456.8145,1431.7784
2020-07-06,2228.489,2218.66,1458.4668,1425.9698
2020-07-07,2235.0862,2229.0831,1457.7177,1424.4736
2020-07-08,2184.8679,2191.8784,1457.5387,1430.901
2020-07-09,2170.5415,2177.611,1457.9621,1427.4685
2020-07-10,2188.2656,2182.2113,1458.5919,1431.2565
2020-07-13,2185.9517,2194.4327,1456.1754,1425.8268
2020-07-14,2138.6384,2163.4311,1457.4538,1425.783
2020-07-15,2199.6384,2204.5536,1458.5226,1427.4973
2020-07-16,2205.4116,2264.8763,1458.2462,1431.5239
2020-07-17,2171.8579,2177.3544,1458.5061,1430.3457
2020-07-20,2178.9138,2182.0072,1456.1754,1422.8158
2020-07-21,2195.8389,2185.5408,1454.8062,1421.7102
2020-07-22,2162.1865,2166.568,1456.8042,1426.0715
2020-07-23,2142.6958,2139.9462,1455.5425,1423.2183
2020-07-24,2129.0769,2108.9889,1456.2612,1430.816
2020-07-27,2177.8284,2172.4258,1458.5796,1419.0527
2020-07-28,2279.427,2265.5772,1457.7177,1424.2166
2020-07-29,2246.1694,2265.1501,1458.5226,1427.4375
2020-07-30,2249.574,2300.3542,1458.2462,1431.1632
2020-07-31,2251.4492,2264.4188,1458.5919,1431.0201
2020-08-03,2224.5566,2226.8912,1458.3836,1427.6569
2020-08-04,2220.1653,2210.9623,1455.6727,1418.5858
2020-08-05,2229.8367,2254.2632,1457.0002,1423.378
2020-08-06,2277.7988,2271.1815,1458.1604,1425.6542
2020-08-07,2265.2161,2275.8753,1456.4179,1430.4819
2020-08-10,2252.8308,2262.3413,1458.1534,1423.589
2020-08-11,2249.9688,2267.832,1454.6546,1422.2198
2020-08-12,2227.7148,2233.5488,1458.231,1424.1985
2020-08-13,2224.8525,2247.1272,1457.2227,1430.03
2020-08-14,2212.7139,2219.0419,1456.8847,1418.107
2020-08-17,2223.8164,2220.4245,1455.5841,1416.012
2020-08-18,2239.9519,2241.7313,1455.8982,1420.5884
2020-08-19,2226.9746,2234.527,1456.0938,1428.569
2020-08-20,2223.2742,2228.8663,1455.8322,1430.1273
2020-08-21,2219.0798,2224.2373,1454.9413,1421.4664
2020-08-24,2218.5864,2212.1296,1455.7501,1416.3175
2020-08-25,2213.208,2209.3273,1454.3652,1414.1941
2020-08-26,2223.9155,2206.9195,1455.8664,1401.6069
2020-08-27,2218.8821,2234.9336,1456.735,1429.0754
2020-08-28,2209.1614,2223.9302,1456.7719,1434.6904
2020-08-31,2227.6162,2228.6706,1457.6896,1420.8541
2020-09-01,2216.8594,2225.7538,1455.586,1419.1354
2020-09-02,2235.4124,2228.972,1455.8078,1419.3418
2020-09-03,2269.3113,2280.1709,1458.1604,1425.6161
2020-09-04,2258.7517,2271.9027,1458.5061,1431.4418
2020-09-07,2296.4998,2295.3959,1458.4668,1426.9863
2020-09-08,2317.3718,2339.5777,1457.7331,1424.547
2020-09-09,2297.092,2313.6468,1456.4411,1417.4077
2020-09-10,2300.5457,2305.2194,1455.5425,1418.9757
2020-09-11,2342.9321,2337.6314,1458.5061,1429.4456
2020-09-14,2458.6921,2443.4752,1458.4515,1425.4677
2020-09-15,2458.6921,2472.5003,1457.7177,1424.547
2020-09-16,2470.1401,2458.4851,1456.0938,1430.3779
2020-09-17,2428.6418,2433.8304,1456.8928,1425.1536
2020-09-18,2417.7368,2427.8636,1458.6072,1431.979
2020-09-21,2432.9348,2451.178,1458.4668,1421.1724
2020-09-22,2489.8281,2484.711,1457.7177,1424.547
2020-09-23,2435.0562,2409.4833,1458.5226,1429.012
2020-09-24,2301.6313,2310.873,1458.2462,1432.0934
2020-09-25,2390.4993,2380.6559,1458.5919,1432.6132
2020-09-28,2394.4468,2357.243,1458.5642,1427.6207
2020-09-29,2455.7314,2453.3077,1457.7177,1424.3835
2020-09-30,2459.5803,2445.077,1457.0002,1418.6182
2020-10-01,2490.3213,2485.7295,1455.9552,1417.3086
2020-10-05,2670.2773,2659.2877,1458.4515,1425.1975
2020-10-06,2678.666,2637.1505,1457.7177,1423.3378
2020-10-07,2700.0317,2696.8753,1458.5226,1427.6637
2020-10-08,2788.6035,2826.7601,1458.2462,1430.7129
2020-10-09,2776.0208,2760.4209,1458.5061,1426.5614
2020-10-12,2792.8469,2791.6186,1458.4668,1420.1761
2020-10-13,2789.4421,2786.2807,1456.1193,1399.0399
2020-10-14,2784.5364,2773.2524,1458.4368,1421.5106
2020-10-15,2716.1521,2733.9904,1458.2462,1431.4558
2020-10-16,2738.6494,2723.5021,1456.8845,1422.5544
2020-10-19,2687.3608,2696.9168,1458.3431,1426.4784
2020-10-20,2714.5662,2718.3039,1455.8982,1403.8547
2020-10-21,2651.5332,2664.5194,1458.5226,1427.3202
2020-10-22,2647.3213,2636.1765,1458.1604,1421.3232
2020-10-23,2662.8318,2659.5781,1456.217,1430.1526
2020-10-26,2664.2192,2664.4142,1455.9443,1422.7495
2020-10-27,2606.687,2634.7587,1457.6498,1426.4528
2020-10-28,2598.8081,2598.5186,1458.2715,1419.165
2020-10-29,2609.1648,2612.7865,1457.8065,1428.0334
2020-10-30,2641.0779,2630.1719,1458.195,1428.3057
2020-11-02,2581.365,2595.6,1457.8953,1414.8586
2020-11-03,2610.1067,2624.3979,1457.4692,1425.4022
2020-11-04,2629.4819,2671.1378,1458.5226,1427.4982
2020-11-05,2661.7417,2667.7836,1456.1849,1415.1299
2020-11-06,2683.2974,2672.3316,1456.2574,1432.0409
2020-11-09,2702.2769,2690.7379,1458.3989,1422.5167
2020-11-10,2625.9639,2640.9155,1457.7177,1424.744
2020-11-11,2663.8228,2645.5922,1458.231,1423.2491
2020-11-12,2647.2224,2664.2457,1457.5485,1415.7435
2020-11-13,2633.1492,2622.7716,1455.968,1422.2832
2020-11-17,2642.2671,2639.8849,1456.0968,1417.6868
2020-11-18,2603.2183,2600.2387,1458.0755,1429.6516
2020-11-19,2613.3767,2638.9221,1457.0056,1426.342
2020-11-20,2636.5186,2628.1133,1457.4557,1427.554
2020-11-23,2699.9475,2679.6874,1458.3989,1428.7643
2020-11-24,2697.7673,2694.5667,1455.3237,1423.1844
2020-11-25,2677.2026,2677.384,1456.9598,1424.965
2020-11-26,2696.3303,2689.8868,1457.3925,1413.2063
2020-11-27,2655.7456,2662.306,1458.5061,1424.6404
2020-12-01,2702.4749,2659.1084,1457.6498,1423.3761
2020-12-02,2725.022,2707.7595,1457.8174,1416.3376
2020-12-03,2685.2798,2696.6529,1457.8923,1435.7368
2020-12-04,2703.2183,2697.5685,1455.8341,1434.905
2020-12-07,2713.2776,2703.5291,1454.9599,1416.5906
2020-12-08,2772.3462,2758.5979,1457.8305,1426.5979
2020-12-09,2785.7258,2791.6409,1457.0002,1425.0428
2020-12-10,2759.4619,2770.7028,1456.1249,1415.7528
2020-12-11,2758.7686,2756.9894,1455.3052,1406.6956
2020-12-14,2772.7424,2744.0779,1456.6241,1413.229
2020-12-15,2736.915,2742.0424,1455.3286,1412.3481
2020-12-16,2789.0955,2770.6851,1457.8174,1421.9993
2020-12-17,2812.8811,2811.3338,1457.8065,1428.6989
2020-12-18,2835.4778,2848.5558,1458.5061,1430.7208
2020-12-21,2794.9922,2798.8088,1457.667,1426.6356
2020-12-22,2846.875,2833.884,1457.4692,1428.0924
2020-12-23,2882.802,2872.7604,1457.3401,1427.7083
2020-12-24,2883.3967,2870.4473,1454.6167,1417.6824
2020-12-28,2903.2676,2905.0694,1456.4681,1415.2286
2020-12-29,2904.3577,2913.8502,1454.2296,1412.8191
2020-12-30,2883.3469,2891.7631,1456.2205,1418.7764
2020-12-31,2837.2122,2834.8632,1458.2948,1434.0593
2021-01-01,2902.1279,2897.7121,1457.9076,1427.9073
2021-01-04,3012.3359,2993.2992,1458.9648,1453.3679
2021-01-05,3065.4082,3066.166,1458.1697,1451.43
2021-01-06,3024.2783,3034.6911,1458.8092,1447.6067
2021-01-07,3005.7451,2996.678,1458.5403,1439.104
2021-01-08,3093.0591,3069.4973,1459.0438,1438.3354
2021-01-11,3148.1135,3143.2279,1458.9648,1454.5469
2021-01-12,3146.5283,3149.9002,1458.016,1450.0638
2021-01-13,3130.7698,3108.2659,1458.7235,1450.0139
2021-01-14,3227.8323,3190.4716,1458.6981,1441.022
2021-01-15,3210.6045,3218.1875,1459.0592,1438.2172
2021-01-18,3199.0859,3183.1457,1459.0775,1453.9727
2021-01-19,3237.7617,3239.755,1456.5487,1453.5983
2021-01-20,3285.5234,3284.3845,1458.683,1447.9728
2021-01-21,3250.8193,3248.226,1456.2556,1438.3643
2021-01-22,3279.8638,3276.1475,1458.5772,1438.5175
2021-01-25,3268.1465,3282.5638,1458.3189,1439.6278
2021-01-27,3238.1094,3225.2882,1457.9906,1448.8815
2021-01-28,3174.063,3202.9994,1458.3443,1440.3262
2021-01-29,3089.4626,3111.8678,1459.0438,1438.1812
2021-02-01,3117.2656,3085.2988,1458.3836,1434.2772
2021-02-02,3180.9146,3171.9065,1457.4538,1434.1539
2021-02-03,3177.5386,3169.9442,1458.016,1418.4926
2021-02-04,3166.02,3179.9663,1456.7659,1425.7235
2021-02-05,3135.7346,3130.6119,1457.8605,1426.3096
2021-02-08,3191.49,3170.4737,1457.9928,1413.7101
2021-02-09,3154.5513,3186.6082,1456.9828,1414.6061
2021-02-10,3190.6953,3167.7318,1457.7626,1425.3809
2021-02-11,3183.4465,3171.9971,1454.6718,1418.8285
2021-02-12,3168.3535,3204.5026,1457.4052,1442.7402
2021-02-15,3117.7622,3130.9205,1457.667,1414.4729
2021-02-16,3086.9304,3105.1716,1457.6094,1434.0009
2021-02-17,3051.4817,3061.5714,1458.3573,1435.6006
2021-02-18,3035.8425,3043.6807,1458.3589,1440.918
2021-02-19,3050.2405,3029.218,1458.3213,1439.9504
2021-02-22,2937.6382,2968.3935,1458.4515,1434.4994
2021-02-23,2959.2351,2993.7352,1457.564,1433.2689
2021-02-24,2927.3611,2939.9745,1458.3573,1435.6006
2021-02-25,2974.229,2994.8646,1458.2731,1440.918
2021-02-26,2873.9395,2891.6401,1458.5919,1440.6418
2021-03-01,2903.6292,2921.5682,1458.3585,1436.9507
2021-03-02,2985.2014,2984.4483,1457.6094,1437.3048
2021-03-03,3037.5801,3011.4974,1458.3168,1438.5626
2021-03-04,3028.2461,3040.4247,1458.2011,1439.4036
2021-03-05,2986.8892,3015.8975,1458.1253,1439.8038
2021-03-08,2985.7969,2993.8481,1455.0262,1416.9581
2021-03-09,3029.4873,3021.4549,1456.4174,1426.027
2021-03-10,3049.3467,3056.7968,1456.0938,1426.5162
2021-03-12,3036.4382,3061.3594,1458.1253,1442.5778
2021-03-15,3044.5803,3062.2435,1458.1534,1437.817
2021-03-16,3088.1716,3099.6387,1457.7177,1436.8425
2021-03-17,3091.051,3105.9592,1458.3573,1437.974
2021-03-18,3015.1392,3021.7043,1458.0883,1439.2667
2021-03-19,3028.7424,3042.7525,1458.5919,1440.2976
2021-03-22,3107.6335,3074.9958,1458.1381,1437.502
2021-03-23,3120.4927,3126.1336,1456.2523,1418.54
2021-03-24,3099.144,3116.548,1456.0361,1415.4657
2021-03-25,3043.2896,3058.0554,1457.8923,1439.9781
2021-03-26,3045.2258,3055.7692,1458.3213,1439.4519
2021-03-30,3136.3306,3126.463,1457.7177,1436.154
2021-03-31,3155.4946,3152.0914,1458.3168,1438.5626
2021-04-01,3142.7349,3152.2003,1458.3589,1440.8894
2021-04-05,3216.115,3203.4045,1458.4515,1437.8761
2021-04-06,3241.7336,3218.201,1455.6827,1412.9296
2021-04-07,3248.3865,3228.7251,1456.1921,1402.7787
2021-04-08,3294.0134,3290.2525,1457.747,1423.8212
2021-04-09,3298.8789,3295.3621,1456.7719,1434.0667
2021-04-12,3223.7117,3230.1298,1458.3836,1437.7609
2021-04-13,3082.2139,3086.5563,1457.7177,1435.754
2021-04-15,3196.3057,3146.8455,1458.2462,1440.7734
2021-04-16,3172.6729,3184.4539,1458.1406,1440.1974
2021-04-19,3139.5576,3133.3852,1457.5696,1422.6725
2021-04-20,3122.429,3133.995,1457.4538,1437.3048
2021-04-22,3096.8601,3093.3875,1455.0357,1402.7621
2021-04-23,3087.6255,3081.2222,1455.0768,1423.6022
2021-04-26,3078.9868,3107.6206,1457.8953,1417.6565
2021-04-27,3109.967,3103.7539,1454.2296,1420.3523
2021-04-28,3102.1228,3101.0477,1455.301,1416.9998
2021-04-29,3093.335,3104.052,1456.6573,1424.1694
2021-04-30,3014.2952,3045.7323,1458.1253,1443.4805
2021-05-03,3015.6357,3010.6802,1457.0042,1430.1099
2021-05-04,3028.2957,3043.3399,1456.2188,1419.6986
2021-05-05,3073.9226,3059.0346,1455.655,1426.4904
2021-05-06,3089.5618,3083.32,1456.6573,1427.5183
2021-05-07,3110.8608,3117.0788,1456.1496,1424.28
2021-05-10,3123.3721,3122.5698,1456.114,1418.627
2021-05-11,3100.6335,3078.8657,1455.062,1414.027
2021-05-12,3065.8796,3061.6983,1456.9263,1426.4904
2021-05-14,3030.0334,3034.9628,1456.9342,1426.3862
2021-05-17,3048.1553,3034.6222,1456.5281,1423.2104
2021-05-18,3067.0713,3081.68,1455.6827,1414.9995
2021-05-19,3060.3188,3075.3263,1456.9263,1426.4904
2021-05-20,3038.4736,3049.7403,1455.4181,1419.5159
2021-05-21,3058.8293,3055.3198,1454.9413,1424.691
2021-05-24,3059.8225,3069.9416,1455.015,1422.7776
2021-05-25,3107.219,3106.3836,1454.9476,1413.239
2021-05-26,3151.6221,3135.3761,1456.9263,1427.063
2021-05-27,3173.0752,3196.342,1458.1604,1435.4459
2021-05-28,3136.7546,3149.2677,1457.0279,1427.213
2021-05-31,3152.2705,3141.4127,1455.3789,1404.4607
2021-06-01,3146.134,3134.2637,1454.1745,1421.0199
2021-06-02,3122.6353,3122.0783,1456.3902,1418.0309
2021-06-03,3134.4097,3123.3196,1454.6718,1421.435
2021-06-04,3136.9043,3137.7423,1454.9413,1422.9579
2021-06-07,3176.2683,3162.6385,1457.8953,1415.7579
2021-06-08,3193.1812,3206.6792,1455.4147,1411.877
2021-06-09,3193.2812,3194.5724,1454.9371,1424.0504
2021-06-10,3209.7952,3198.9527,1454.6718,1421.0841
2021-06-11,3266.6711,3276.961,1458.2808,1431.0868
2021-06-14,3269.2156,3285.1155,1455.1738,1419.1277
2021-06-15,3255.645,3255.0581,1454.9476,1410.725
2021-06-16,3267.22,3269.8906,1455.301,1405.8815
2021-06-17,3310.5254,3305.269,1457.591,1422.104
2021-06-18,3290.1199,3293.2402,1458.2808,1431.0868
2021-06-21,3265.9727,3258.5436,1455.0262,1414.5183
2021-06-22,3294.0112,3298.7227,1454.5935,1403.2747
2021-06-23,3254.2979,3267.9448,1457.1248,1426.8447
2021-06-24,3366.2537,3347.957,1458.3589,1431.6884
2021-06-25,3373.438,3364.6945,1457.4557,1430.9241
2021-06-28,3329.4839,3338.8861,1457.0042,1417.8259
2021-06-29,3333.5752,3338.6615,1454.5935,1417.3894
2021-06-30,3338.4644,3357.5169,1455.301,1421.7826
2021-07-01,3334.2236,3332.0477,1454.6718,1420.1288
2021-07-02,3318.2085,3300.5505,1455.6592,1424.7722
2021-07-05,3313.7683,3328.6616,1457.1016,1419.5895
2021-07-06,3255.196,3273.4961,1457.1525,1418.3796
2021-07-07,3267.8184,3247.73,1455.8664,1401.8284
2021-07-08,3251.4043,3242.5607,1457.747,1421.4717
2021-07-09,3201.1638,3230.4582,1458.5919,1431.0173
2021-07-12,3186.1467,3195.005,1456.227,1415.4103
2021-07-13,3180.6089,3178.649,1454.5935,1412.8716
2021-07-14,3207.55,3204.3422,1454.9557,1415.3568
2021-07-15,3202.95,3206.673,1455.3519,1419.2478
2021-07-16,3194.8,3202.6534,1455.0768,1416.1869
2021-07-19,3184.6001,3190.4315,1455.1505,1419.9585
2021-07-20,3205.8,3187.2426,1456.2188,1420.2618
2021-07-22,3216.3501,3215.1816,1455.8322,1432.9094
2021-07-23,3212.8501,3221.8992,1454.9525,1422.3854
2021-07-26,3197.55,3210.2922,1455.015,1414.4076
2021-07-27,3182.95,3179.1677,1456.2188,1410.555
2021-07-28,3197.8,3160.7625,1457.1248,1425.8436
2021-07-29,3195.8,3211.6291,1454.683,1423.6759
2021-07-30,3167.45,3182.4686,1458.1406,1433.8463
2021-08-02,3219.3999,3205.3016,1457.5696,1416.0896
2021-08-03,3284.8999,3268.661,1457.6498,1426.2642
2021-08-04,3273.95,3275.2768,1456.3802,1425.8539
2021-08-05,3283.95,3295.4041,1457.5485,1417.9059
2021-08-06,3309.8,3304.5765,1457.6619,1422.3821
2021-08-09,3322.7,3321.9606,1455.1505,1419.886
2021-08-10,3333.8999,3338.6808,1454.2482,1414.8839
2021-08-11,3344.2,3338.8414,1454.9371,1417.9061
2021-08-12,3351.75,3354.248,1455.0357,1402.9103
2021-08-13,3463.3999,3449.1332,1458.5919,1432.0552
2021-08-16,3472.95,3465.4214,1457.7393,1420.8315
2021-08-17,3553.05,3526.0621,1457.8305,1426.2845
2021-08-18,3560.55,3559.6219,1457.4917,1420.3624
2021-08-20,3559.5,3547.1933,1458.1253,1434.4591
2021-08-23,3637.3999,3635.3638,1458.3836,1427.4338
2021-08-24,3613.2,3615.1595,1457.3085,1415.1527
2021-08-25,3659.0,3670.0128,1457.86,1422.8616
2021-08-26,3671.8501,3665.8835,1455.0357,1416.7062
2021-08-27,3720.1499,3697.9152,1458.3213,1431.4958
2021-08-30,3701.3,3707.6799,1457.0116,1415.243
2021-08-31,3786.45,3772.7715,1457.4538,1426.9777
2021-09-01,3714.95,3742.5603,1457.6903,1420.3624
2021-09-02,3836.75,3817.9357,1458.0478,1432.161
2021-09-03,3842.05,3826.9895,1456.9268,1419.7872
2021-09-06,3852.0,3838.7474,1457.0042,1421.7697
2021-09-07,3815.8999,3822.0203,1456.32,1424.7328
2021-09-08,3774.1499,3767.7615,1458.5496,1429.1025
2021-09-09,3791.3999,3780.8167,1454.9657,1423.9088
2021-09-13,3845.3501,3825.7767,1457.1016,1426.7433
2021-09-14,3885.8999,3862.1972,1456.4174,1420.2091
2021-09-15,3954.55,3940.8787,1458.016,1419.6456
2021-09-16,3903.3,3935.8024,1457.8923,1434.4897
2021-09-17,3827.8501,3853.357,1458.5919,1431.522
2021-09-20,3823.5,3849.76,1457.0042,1421.1844
2021-09-21,3862.95,3838.8882,1456.2188,1417.8181
2021-09-22,3862.1499,3876.5011,1455.655,1418.069
2021-09-23,3869.25,3847.2688,1454.9657,1418.812
2021-09-24,3871.3,3904.4609,1457.8605,1422.3821
2021-09-27,3836.95,3831.7691,1457.1016,1426.7433
2021-09-28,3779.1499,3776.9894,1457.1525,1417.4695
2021-09-29,3791.8999,3764.8256,1458.016,1419.6456
2021-09-30,3773.2,3773.8623,1455.0357,1414.2368
